Nationality,Year,Month,Value,Total
Australia,2020,Jan,3008,6793
Australia,2020,Feb,2542,6793
Australia,2020,Mar,1079,6793
Australia,2020,Apr,2,6793
Australia,2020,May,4,6793
Australia,2020,Jun,2,6793
Australia,2020,Jul,2,6793
Australia,2020,Aug,11,6793
Australia,2020,Sep,11,6793
Australia,2020,Oct,49,6793
Australia,2020,Nov,34,6793
Australia,2020,Dec,49,6793
Australia,2021,Jan,66,2477
Australia,2021,Feb,37,2477
Australia,2021,Mar,99,2477
Australia,2021,Apr,97,2477
Australia,2021,May,9,2477
Australia,2021,Jun,11,2477
Australia,2021,Jul,52,2477
Australia,2021,Aug,64,2477
Australia,2021,Sep,77,2477
Australia,2021,Oct,139,2477
Australia,2021,Nov,615,2477
Australia,2021,Dec,1211,2477
Australia,2022,Jan,1213,26894
Australia,2022,Feb,1053,26894
Australia,2022,Mar,1450,26894
Australia,2022,Apr,2747,26894
Australia,2022,May,1618,26894
Australia,2022,Jun,1482,26894
Australia,2022,Jul,1148,26894
Australia,2022,Aug,1210,26894
Australia,2022,Sep,4370,26894
Australia,2022,Oct,3946,26894
Australia,2022,Nov,3375,26894
Australia,2022,Dec,3282,26894
Australia,2023,Jan,3441,38798
Australia,2023,Feb,2969,38798
Australia,2023,Mar,3635,38798
Australia,2023,Apr,3828,38798
Australia,2023,May,2184,38798
Australia,2023,Jun,1639,38798
Australia,2023,Jul,1102,38798
Australia,2023,Aug,1347,38798
Australia,2023,Sep,3685,38798
Australia,2023,Oct,6075,38798
Australia,2023,Nov,5060,38798
Australia,2023,Dec,3834,38798
Australia,2024,Jan,3421,43978
Australia,2024,Feb,2976,43978
Australia,2024,Mar,4345,43978
Australia,2024,Apr,4110,43978
Australia,2024,May,2194,43978
Australia,2024,Jun,1589,43978
Australia,2024,Jul,1901,43978
Australia,2024,Aug,1763,43978
Australia,2024,Sep,5036,43978
Australia,2024,Oct,6929,43978
Australia,2024,Nov,4829,43978
Australia,2024,Dec,4885,43978
Bangladesh,2020,Jan,2285,4917
Bangladesh,2020,Feb,2209,4917
Bangladesh,2020,Mar,374,4917
Bangladesh,2020,Apr,0,4917
Bangladesh,2020,May,2,4917
Bangladesh,2020,Jun,2,4917
Bangladesh,2020,Jul,2,4917
Bangladesh,2020,Aug,1,4917
Bangladesh,2020,Sep,8,4917
Bangladesh,2020,Oct,5,4917
Bangladesh,2020,Nov,18,4917
Bangladesh,2020,Dec,11,4917
Bangladesh,2021,Jan,27,5044
Bangladesh,2021,Feb,156,5044
Bangladesh,2021,Mar,567,5044
Bangladesh,2021,Apr,162,5044
Bangladesh,2021,May,6,5044
Bangladesh,2021,Jun,0,5044
Bangladesh,2021,Jul,8,5044
Bangladesh,2021,Aug,31,5044
Bangladesh,2021,Sep,62,5044
Bangladesh,2021,Oct,481,5044
Bangladesh,2021,Nov,1382,5044
Bangladesh,2021,Dec,2162,5044
Bangladesh,2022,Jan,1236,25383
Bangladesh,2022,Feb,888,25383
Bangladesh,2022,Mar,2152,25383
Bangladesh,2022,Apr,1583,25383
Bangladesh,2022,May,3268,25383
Bangladesh,2022,Jun,2058,25383
Bangladesh,2022,Jul,1874,25383
Bangladesh,2022,Aug,1751,25383
Bangladesh,2022,Sep,2312,25383
Bangladesh,2022,Oct,2720,25383
Bangladesh,2022,Nov,2218,25383
Bangladesh,2022,Dec,3323,25383
Bangladesh,2023,Jan,2468,36483
Bangladesh,2023,Feb,1907,36483
Bangladesh,2023,Mar,2466,36483
Bangladesh,2023,Apr,2217,36483
Bangladesh,2023,May,2164,36483
Bangladesh,2023,Jun,2402,36483
Bangladesh,2023,Jul,2694,36483
Bangladesh,2023,Aug,3190,36483
Bangladesh,2023,Sep,3716,36483
Bangladesh,2023,Oct,4292,36483
Bangladesh,2023,Nov,3761,36483
Bangladesh,2023,Dec,5206,36483
Bangladesh,2024,Jan,3629,48849
Bangladesh,2024,Feb,4099,48849
Bangladesh,2024,Mar,2946,48849
Bangladesh,2024,Apr,4003,48849
Bangladesh,2024,May,3458,48849
Bangladesh,2024,Jun,3857,48849
Bangladesh,2024,Jul,3470,48849
Bangladesh,2024,Aug,3077,48849
Bangladesh,2024,Sep,4103,48849
Bangladesh,2024,Oct,4477,48849
Bangladesh,2024,Nov,5148,48849
Bangladesh,2024,Dec,6582,48849
Canada,2020,Jan,965,3102
Canada,2020,Feb,1237,3102
Canada,2020,Mar,680,3102
Canada,2020,Apr,0,3102
Canada,2020,May,2,3102
Canada,2020,Jun,5,3102
Canada,2020,Jul,4,3102
Canada,2020,Aug,10,3102
Canada,2020,Sep,9,3102
Canada,2020,Oct,46,3102
Canada,2020,Nov,58,3102
Canada,2020,Dec,86,3102
Canada,2021,Jan,96,2438
Canada,2021,Feb,116,2438
Canada,2021,Mar,127,2438
Canada,2021,Apr,183,2438
Canada,2021,May,24,2438
Canada,2021,Jun,14,2438
Canada,2021,Jul,79,2438
Canada,2021,Aug,145,2438
Canada,2021,Sep,261,2438
Canada,2021,Oct,563,2438
Canada,2021,Nov,479,2438
Canada,2021,Dec,351,2438
Canada,2022,Jan,361,9755
Canada,2022,Feb,420,9755
Canada,2022,Mar,753,9755
Canada,2022,Apr,1065,9755
Canada,2022,May,764,9755
Canada,2022,Jun,630,9755
Canada,2022,Jul,616,9755
Canada,2022,Aug,552,9755
Canada,2022,Sep,1078,9755
Canada,2022,Oct,1682,9755
Canada,2022,Nov,1184,9755
Canada,2022,Dec,650,9755
Canada,2023,Jan,1001,14690
Canada,2023,Feb,1369,14690
Canada,2023,Mar,1708,14690
Canada,2023,Apr,1672,14690
Canada,2023,May,1031,14690
Canada,2023,Jun,593,14690
Canada,2023,Jul,653,14690
Canada,2023,Aug,640,14690
Canada,2023,Sep,1109,14690
Canada,2023,Oct,2442,14690
Canada,2023,Nov,1570,14690
Canada,2023,Dec,902,14690
Canada,2024,Jan,929,16073
Canada,2024,Feb,1358,16073
Canada,2024,Mar,1851,16073
Canada,2024,Apr,1637,16073
Canada,2024,May,1014,16073
Canada,2024,Jun,666,16073
Canada,2024,Jul,1004,16073
Canada,2024,Aug,753,16073
Canada,2024,Sep,1465,16073
Canada,2024,Oct,2464,16073
Canada,2024,Nov,1984,16073
Canada,2024,Dec,948,16073
China,2020,Jan,13329,19257
China,2020,Feb,3429,19257
China,2020,Mar,1653,19257
China,2020,Apr,0,19257
China,2020,May,0,19257
China,2020,Jun,0,19257
China,2020,Jul,0,19257
China,2020,Aug,1,19257
China,2020,Sep,56,19257
China,2020,Oct,115,19257
China,2020,Nov,209,19257
China,2020,Dec,465,19257
China,2021,Jan,1876,6198
China,2021,Feb,708,6198
China,2021,Mar,1207,6198
China,2021,Apr,803,6198
China,2021,May,78,6198
China,2021,Jun,38,6198
China,2021,Jul,50,6198
China,2021,Aug,256,6198
China,2021,Sep,233,6198
China,2021,Oct,308,6198
China,2021,Nov,363,6198
China,2021,Dec,278,6198
China,2022,Jan,320,9599
China,2022,Feb,206,9599
China,2022,Mar,434,9599
China,2022,Apr,350,9599
China,2022,May,391,9599
China,2022,Jun,450,9599
China,2022,Jul,1595,9599
China,2022,Aug,1288,9599
China,2022,Sep,1332,9599
China,2022,Oct,946,9599
China,2022,Nov,1038,9599
China,2022,Dec,1249,9599
China,2023,Jan,1435,60878
China,2023,Feb,2266,60878
China,2023,Mar,2635,60878
China,2023,Apr,4771,60878
China,2023,May,4667,60878
China,2023,Jun,4343,60878
China,2023,Jul,5695,60878
China,2023,Aug,5025,60878
China,2023,Sep,8169,60878
China,2023,Oct,6880,60878
China,2023,Nov,7621,60878
China,2023,Dec,7371,60878
China,2024,Jan,7269,101874
China,2024,Feb,9180,101874
China,2024,Mar,12093,101874
China,2024,Apr,9748,101874
China,2024,May,8379,101874
China,2024,Jun,7493,101874
China,2024,Jul,6819,101874
China,2024,Aug,6614,101874
China,2024,Sep,8042,101874
China,2024,Oct,7747,101874
China,2024,Nov,9459,101874
China,2024,Dec,9031,101874
France,2020,Jan,1106,4540
France,2020,Feb,2037,4540
France,2020,Mar,1196,4540
France,2020,Apr,0,4540
France,2020,May,1,4540
France,2020,Jun,4,4540
France,2020,Jul,4,4540
France,2020,Aug,20,4540
France,2020,Sep,18,4540
France,2020,Oct,53,4540
France,2020,Nov,33,4540
France,2020,Dec,68,4540
France,2021,Jan,107,2829
France,2021,Feb,90,2829
France,2021,Mar,169,2829
France,2021,Apr,162,2829
France,2021,May,17,2829
France,2021,Jun,14,2829
France,2021,Jul,41,2829
France,2021,Aug,128,2829
France,2021,Sep,235,2829
France,2021,Oct,739,2829
France,2021,Nov,808,2829
France,2021,Dec,319,2829
France,2022,Jan,283,16933
France,2022,Feb,537,16933
France,2022,Mar,1638,16933
France,2022,Apr,1992,16933
France,2022,May,858,16933
France,2022,Jun,507,16933
France,2022,Jul,759,16933
France,2022,Aug,656,16933
France,2022,Sep,1409,16933
France,2022,Oct,4929,16933
France,2022,Nov,2561,16933
France,2022,Dec,804,16933
France,2023,Jan,857,23168
France,2023,Feb,1463,23168
France,2023,Mar,3009,23168
France,2023,Apr,3211,23168
France,2023,May,1097,23168
France,2023,Jun,614,23168
France,2023,Jul,996,23168
France,2023,Aug,822,23168
France,2023,Sep,1682,23168
France,2023,Oct,5270,23168
France,2023,Nov,3205,23168
France,2023,Dec,942,23168
France,2024,Jan,970,25118
France,2024,Feb,1697,25118
France,2024,Mar,3240,25118
France,2024,Apr,3753,25118
France,2024,May,1282,25118
France,2024,Jun,550,25118
France,2024,Jul,853,25118
France,2024,Aug,711,25118
France,2024,Sep,1799,25118
France,2024,Oct,5485,25118
France,2024,Nov,3840,25118
France,2024,Dec,938,25118
Germany,2020,Jan,1405,5896
Germany,2020,Feb,2659,5896
Germany,2020,Mar,1692,5896
Germany,2020,Apr,0,5896
Germany,2020,May,0,5896
Germany,2020,Jun,2,5896
Germany,2020,Jul,2,5896
Germany,2020,Aug,10,5896
Germany,2020,Sep,9,5896
Germany,2020,Oct,50,5896
Germany,2020,Nov,27,5896
Germany,2020,Dec,40,5896
Germany,2021,Jan,97,2929
Germany,2021,Feb,126,2929
Germany,2021,Mar,208,2929
Germany,2021,Apr,218,2929
Germany,2021,May,13,2929
Germany,2021,Jun,16,2929
Germany,2021,Jul,31,2929
Germany,2021,Aug,81,2929
Germany,2021,Sep,225,2929
Germany,2021,Oct,790,2929
Germany,2021,Nov,725,2929
Germany,2021,Dec,399,2929
Germany,2022,Jan,364,17742
Germany,2022,Feb,645,17742
Germany,2022,Mar,1826,17742
Germany,2022,Apr,2132,17742
Germany,2022,May,776,17742
Germany,2022,Jun,436,17742
Germany,2022,Jul,718,17742
Germany,2022,Aug,809,17742
Germany,2022,Sep,1942,17742
Germany,2022,Oct,4935,17742
Germany,2022,Nov,2292,17742
Germany,2022,Dec,867,17742
Germany,2023,Jan,985,26980
Germany,2023,Feb,2108,26980
Germany,2023,Mar,4149,26980
Germany,2023,Apr,3245,26980
Germany,2023,May,1165,26980
Germany,2023,Jun,514,26980
Germany,2023,Jul,637,26980
Germany,2023,Aug,875,26980
Germany,2023,Sep,2851,26980
Germany,2023,Oct,5915,26980
Germany,2023,Nov,3512,26980
Germany,2023,Dec,1024,26980
Germany,2024,Jan,1282,29799
Germany,2024,Feb,2494,29799
Germany,2024,Mar,5254,29799
Germany,2024,Apr,3271,29799
Germany,2024,May,1391,29799
Germany,2024,Jun,546,29799
Germany,2024,Jul,726,29799
Germany,2024,Aug,849,29799
Germany,2024,Sep,2704,29799
Germany,2024,Oct,6017,29799
Germany,2024,Nov,3926,29799
Germany,2024,Dec,1339,29799
Italy,2020,Jan,655,1599
Italy,2020,Feb,657,1599
Italy,2020,Mar,250,1599
Italy,2020,Apr,0,1599
Italy,2020,May,0,1599
Italy,2020,Jun,0,1599
Italy,2020,Jul,0,1599
Italy,2020,Aug,0,1599
Italy,2020,Sep,1,1599
Italy,2020,Oct,13,1599
Italy,2020,Nov,8,1599
Italy,2020,Dec,15,1599
Italy,2021,Jan,29,613
Italy,2021,Feb,32,613
Italy,2021,Mar,54,613
Italy,2021,Apr,55,613
Italy,2021,May,6,613
Italy,2021,Jun,6,613
Italy,2021,Jul,9,613
Italy,2021,Aug,33,613
Italy,2021,Sep,68,613
Italy,2021,Oct,98,613
Italy,2021,Nov,142,613
Italy,2021,Dec,81,613
Italy,2022,Jan,66,6388
Italy,2022,Feb,72,6388
Italy,2022,Mar,234,6388
Italy,2022,Apr,508,6388
Italy,2022,May,368,6388
Italy,2022,Jun,181,6388
Italy,2022,Jul,350,6388
Italy,2022,Aug,941,6388
Italy,2022,Sep,538,6388
Italy,2022,Oct,1471,6388
Italy,2022,Nov,833,6388
Italy,2022,Dec,826,6388
Italy,2023,Jan,414,12948
Italy,2023,Feb,649,12948
Italy,2023,Mar,1219,12948
Italy,2023,Apr,1435,12948
Italy,2023,May,614,12948
Italy,2023,Jun,220,12948
Italy,2023,Jul,604,12948
Italy,2023,Aug,1496,12948
Italy,2023,Sep,931,12948
Italy,2023,Oct,2467,12948
Italy,2023,Nov,1686,12948
Italy,2023,Dec,1213,12948
Italy,2024,Jan,517,14472
Italy,2024,Feb,805,14472
Italy,2024,Mar,1581,14472
Italy,2024,Apr,1993,14472
Italy,2024,May,649,14472
Italy,2024,Jun,267,14472
Italy,2024,Jul,450,14472
Italy,2024,Aug,1615,14472
Italy,2024,Sep,971,14472
Italy,2024,Oct,2635,14472
Italy,2024,Nov,1968,14472
Italy,2024,Dec,1021,14472
Japan,2020,Jan,2003,5599
Japan,2020,Feb,2902,5599
Japan,2020,Mar,557,5599
Japan,2020,Apr,0,5599
Japan,2020,May,2,5599
Japan,2020,Jun,0,5599
Japan,2020,Jul,0,5599
Japan,2020,Aug,2,5599
Japan,2020,Sep,6,5599
Japan,2020,Oct,49,5599
Japan,2020,Nov,37,5599
Japan,2020,Dec,41,5599
Japan,2021,Jan,42,784
Japan,2021,Feb,28,784
Japan,2021,Mar,74,784
Japan,2021,Apr,107,784
Japan,2021,May,0,784
Japan,2021,Jun,13,784
Japan,2021,Jul,6,784
Japan,2021,Aug,24,784
Japan,2021,Sep,98,784
Japan,2021,Oct,94,784
Japan,2021,Nov,159,784
Japan,2021,Dec,139,784
Japan,2022,Jan,130,5714
Japan,2022,Feb,85,5714
Japan,2022,Mar,190,5714
Japan,2022,Apr,371,5714
Japan,2022,May,272,5714
Japan,2022,Jun,322,5714
Japan,2022,Jul,466,5714
Japan,2022,Aug,541,5714
Japan,2022,Sep,596,5714
Japan,2022,Oct,841,5714
Japan,2022,Nov,955,5714
Japan,2022,Dec,945,5714
Japan,2023,Jan,643,16463
Japan,2023,Feb,1066,16463
Japan,2023,Mar,1677,16463
Japan,2023,Apr,1312,16463
Japan,2023,May,913,16463
Japan,2023,Jun,764,16463
Japan,2023,Jul,871,16463
Japan,2023,Aug,1520,16463
Japan,2023,Sep,1436,16463
Japan,2023,Oct,1850,16463
Japan,2023,Nov,2072,16463
Japan,2023,Dec,2339,16463
Japan,2024,Jan,1568,22854
Japan,2024,Feb,2027,22854
Japan,2024,Mar,2648,22854
Japan,2024,Apr,2073,22854
Japan,2024,May,1233,22854
Japan,2024,Jun,953,22854
Japan,2024,Jul,1114,22854
Japan,2024,Aug,1881,22854
Japan,2024,Sep,1887,22854
Japan,2024,Oct,2196,22854
Japan,2024,Nov,2699,22854
Japan,2024,Dec,2575,22854
Malaysia,2020,Jan,1179,3460
Malaysia,2020,Feb,1588,3460
Malaysia,2020,Mar,673,3460
Malaysia,2020,Apr,0,3460
Malaysia,2020,May,0,3460
Malaysia,2020,Jun,0,3460
Malaysia,2020,Jul,0,3460
Malaysia,2020,Aug,0,3460
Malaysia,2020,Sep,1,3460
Malaysia,2020,Oct,2,3460
Malaysia,2020,Nov,9,3460
Malaysia,2020,Dec,8,3460
Malaysia,2021,Jan,19,331
Malaysia,2021,Feb,21,331
Malaysia,2021,Mar,16,331
Malaysia,2021,Apr,44,331
Malaysia,2021,May,3,331
Malaysia,2021,Jun,5,331
Malaysia,2021,Jul,5,331
Malaysia,2021,Aug,8,331
Malaysia,2021,Sep,32,331
Malaysia,2021,Oct,35,331
Malaysia,2021,Nov,55,331
Malaysia,2021,Dec,88,331
Malaysia,2022,Jan,106,9569
Malaysia,2022,Feb,117,9569
Malaysia,2022,Mar,314,9569
Malaysia,2022,Apr,507,9569
Malaysia,2022,May,454,9569
Malaysia,2022,Jun,469,9569
Malaysia,2022,Jul,738,9569
Malaysia,2022,Aug,960,9569
Malaysia,2022,Sep,1135,9569
Malaysia,2022,Oct,1590,9569
Malaysia,2022,Nov,1593,9569
Malaysia,2022,Dec,1586,9569
Malaysia,2023,Jan,675,18807
Malaysia,2023,Feb,1819,18807
Malaysia,2023,Mar,1663,18807
Malaysia,2023,Apr,2000,18807
Malaysia,2023,May,1321,18807
Malaysia,2023,Jun,1079,18807
Malaysia,2023,Jul,998,18807
Malaysia,2023,Aug,1188,18807
Malaysia,2023,Sep,1666,18807
Malaysia,2023,Oct,2019,18807
Malaysia,2023,Nov,2388,18807
Malaysia,2023,Dec,1991,18807
Malaysia,2024,Jan,939,20953
Malaysia,2024,Feb,1815,20953
Malaysia,2024,Mar,2198,20953
Malaysia,2024,Apr,2310,20953
Malaysia,2024,May,1814,20953
Malaysia,2024,Jun,1014,20953
Malaysia,2024,Jul,1125,20953
Malaysia,2024,Aug,1285,20953
Malaysia,2024,Sep,2280,20953
Malaysia,2024,Oct,2278,20953
Malaysia,2024,Nov,2126,20953
Malaysia,2024,Dec,1769,20953
Myanmar,2020,Jan,4447,20911
Myanmar,2020,Feb,12119,20911
Myanmar,2020,Mar,4320,20911
Myanmar,2020,Apr,0,20911
Myanmar,2020,May,0,20911
Myanmar,2020,Jun,0,20911
Myanmar,2020,Jul,0,20911
Myanmar,2020,Aug,0,20911
Myanmar,2020,Sep,0,20911
Myanmar,2020,Oct,1,20911
Myanmar,2020,Nov,6,20911
Myanmar,2020,Dec,18,20911
Myanmar,2021,Jan,21,344
Myanmar,2021,Feb,38,344
Myanmar,2021,Mar,101,344
Myanmar,2021,Apr,58,344
Myanmar,2021,May,6,344
Myanmar,2021,Jun,4,344
Myanmar,2021,Jul,1,344
Myanmar,2021,Aug,8,344
Myanmar,2021,Sep,22,344
Myanmar,2021,Oct,13,344
Myanmar,2021,Nov,27,344
Myanmar,2021,Dec,45,344
Myanmar,2022,Jan,39,2427
Myanmar,2022,Feb,27,2427
Myanmar,2022,Mar,29,2427
Myanmar,2022,Apr,53,2427
Myanmar,2022,May,54,2427
Myanmar,2022,Jun,75,2427
Myanmar,2022,Jul,43,2427
Myanmar,2022,Aug,66,2427
Myanmar,2022,Sep,76,2427
Myanmar,2022,Oct,102,2427
Myanmar,2022,Nov,927,2427
Myanmar,2022,Dec,936,2427
Myanmar,2023,Jan,820,12929
Myanmar,2023,Feb,2232,12929
Myanmar,2023,Mar,2188,12929
Myanmar,2023,Apr,1339,12929
Myanmar,2023,May,91,12929
Myanmar,2023,Jun,115,12929
Myanmar,2023,Jul,151,12929
Myanmar,2023,Aug,78,12929
Myanmar,2023,Sep,126,12929
Myanmar,2023,Oct,752,12929
Myanmar,2023,Nov,2505,12929
Myanmar,2023,Dec,2532,12929
Myanmar,2024,Jan,1222,12910
Myanmar,2024,Feb,2919,12910
Myanmar,2024,Mar,3131,12910
Myanmar,2024,Apr,1184,12910
Myanmar,2024,May,153,12910
Myanmar,2024,Jun,125,12910
Myanmar,2024,Jul,110,12910
Myanmar,2024,Aug,152,12910
Myanmar,2024,Sep,160,12910
Myanmar,2024,Oct,698,12910
Myanmar,2024,Nov,1547,12910
Myanmar,2024,Dec,1509,12910
South Korea,2020,Jan,4559,6944
South Korea,2020,Feb,1956,6944
South Korea,2020,Mar,290,6944
South Korea,2020,Apr,0,6944
South Korea,2020,May,0,6944
South Korea,2020,Jun,0,6944
South Korea,2020,Jul,0,6944
South Korea,2020,Aug,0,6944
South Korea,2020,Sep,10,6944
South Korea,2020,Oct,15,6944
South Korea,2020,Nov,0,6944
South Korea,2020,Dec,114,6944
South Korea,2021,Jan,104,1263
South Korea,2021,Feb,75,1263
South Korea,2021,Mar,115,1263
South Korea,2021,Apr,83,1263
South Korea,2021,May,12,1263
South Korea,2021,Jun,32,1263
South Korea,2021,Jul,58,1263
South Korea,2021,Aug,64,1263
South Korea,2021,Sep,121,1263
South Korea,2021,Oct,196,1263
South Korea,2021,Nov,229,1263
South Korea,2021,Dec,174,1263
South Korea,2022,Jan,209,8240
South Korea,2022,Feb,163,8240
South Korea,2022,Mar,247,8240
South Korea,2022,Apr,448,8240
South Korea,2022,May,362,8240
South Korea,2022,Jun,335,8240
South Korea,2022,Jul,558,8240
South Korea,2022,Aug,574,8240
South Korea,2022,Sep,810,8240
South Korea,2022,Oct,1371,8240
South Korea,2022,Nov,1670,8240
South Korea,2022,Dec,1493,8240
South Korea,2023,Jan,2198,23743
South Korea,2023,Feb,3246,23743
South Korea,2023,Mar,2640,23743
South Korea,2023,Apr,1544,23743
South Korea,2023,May,1039,23743
South Korea,2023,Jun,888,23743
South Korea,2023,Jul,1375,23743
South Korea,2023,Aug,1099,23743
South Korea,2023,Sep,2018,23743
South Korea,2023,Oct,2449,23743
South Korea,2023,Nov,2885,23743
South Korea,2023,Dec,2362,23743
South Korea,2024,Jan,3812,27068
South Korea,2024,Feb,2351,27068
South Korea,2024,Mar,2888,27068
South Korea,2024,Apr,1980,27068
South Korea,2024,May,1374,27068
South Korea,2024,Jun,875,27068
South Korea,2024,Jul,1537,27068
South Korea,2024,Aug,1602,27068
South Korea,2024,Sep,2351,27068
South Korea,2024,Oct,2442,27068
South Korea,2024,Nov,3288,27068
South Korea,2024,Dec,2568,27068
Spain,2020,Jan,570,1625
Spain,2020,Feb,655,1625
Spain,2020,Mar,353,1625
Spain,2020,Apr,0,1625
Spain,2020,May,0,1625
Spain,2020,Jun,0,1625
Spain,2020,Jul,0,1625
Spain,2020,Aug,1,1625
Spain,2020,Sep,8,1625
Spain,2020,Oct,10,1625
Spain,2020,Nov,11,1625
Spain,2020,Dec,17,1625
Spain,2021,Jan,57,1151
Spain,2021,Feb,30,1151
Spain,2021,Mar,54,1151
Spain,2021,Apr,104,1151
Spain,2021,May,25,1151
Spain,2021,Jun,3,1151
Spain,2021,Jul,13,1151
Spain,2021,Aug,57,1151
Spain,2021,Sep,73,1151
Spain,2021,Oct,238,1151
Spain,2021,Nov,262,1151
Spain,2021,Dec,235,1151
Spain,2022,Jan,151,8349
Spain,2022,Feb,183,8349
Spain,2022,Mar,356,8349
Spain,2022,Apr,940,8349
Spain,2022,May,330,8349
Spain,2022,Jun,224,8349
Spain,2022,Jul,705,8349
Spain,2022,Aug,910,8349
Spain,2022,Sep,911,8349
Spain,2022,Oct,2096,8349
Spain,2022,Nov,956,8349
Spain,2022,Dec,587,8349
Spain,2023,Jan,463,12393
Spain,2023,Feb,540,12393
Spain,2023,Mar,1183,12393
Spain,2023,Apr,1172,12393
Spain,2023,May,590,12393
Spain,2023,Jun,372,12393
Spain,2023,Jul,826,12393
Spain,2023,Aug,1588,12393
Spain,2023,Sep,1218,12393
Spain,2023,Oct,2353,12393
Spain,2023,Nov,1404,12393
Spain,2023,Dec,684,12393
Spain,2024,Jan,521,13968
Spain,2024,Feb,787,13968
Spain,2024,Mar,1542,13968
Spain,2024,Apr,1100,13968
Spain,2024,May,675,13968
Spain,2024,Jun,501,13968
Spain,2024,Jul,875,13968
Spain,2024,Aug,1580,13968
Spain,2024,Sep,1380,13968
Spain,2024,Oct,2380,13968
Spain,2024,Nov,1902,13968
Spain,2024,Dec,725,13968
Sri Lanka,2020,Jan,291,13328
Sri Lanka,2020,Feb,7369,13328
Sri Lanka,2020,Mar,5556,13328
Sri Lanka,2020,Apr,0,13328
Sri Lanka,2020,May,0,13328
Sri Lanka,2020,Jun,0,13328
Sri Lanka,2020,Jul,0,13328
Sri Lanka,2020,Aug,1,13328
Sri Lanka,2020,Sep,1,13328
Sri Lanka,2020,Oct,50,13328
Sri Lanka,2020,Nov,21,13328
Sri Lanka,2020,Dec,39,13328
Sri Lanka,2021,Jan,31,463
Sri Lanka,2021,Feb,19,463
Sri Lanka,2021,Mar,40,463
Sri Lanka,2021,Apr,71,463
Sri Lanka,2021,May,1,463
Sri Lanka,2021,Jun,3,463
Sri Lanka,2021,Jul,13,463
Sri Lanka,2021,Aug,40,463
Sri Lanka,2021,Sep,39,463
Sri Lanka,2021,Oct,58,463
Sri Lanka,2021,Nov,66,463
Sri Lanka,2021,Dec,82,463
Sri Lanka,2022,Jan,54,4606
Sri Lanka,2022,Feb,74,4606
Sri Lanka,2022,Mar,175,4606
Sri Lanka,2022,Apr,297,4606
Sri Lanka,2022,May,194,4606
Sri Lanka,2022,Jun,203,4606
Sri Lanka,2022,Jul,219,4606
Sri Lanka,2022,Aug,232,4606
Sri Lanka,2022,Sep,573,4606
Sri Lanka,2022,Oct,901,4606
Sri Lanka,2022,Nov,1018,4606
Sri Lanka,2022,Dec,666,4606
Sri Lanka,2023,Jan,307,21851
Sri Lanka,2023,Feb,2175,21851
Sri Lanka,2023,Mar,3898,21851
Sri Lanka,2023,Apr,747,21851
Sri Lanka,2023,May,471,21851
Sri Lanka,2023,Jun,320,21851
Sri Lanka,2023,Jul,484,21851
Sri Lanka,2023,Aug,3858,21851
Sri Lanka,2023,Sep,3011,21851
Sri Lanka,2023,Oct,2507,21851
Sri Lanka,2023,Nov,3227,21851
Sri Lanka,2023,Dec,846,21851
Sri Lanka,2024,Jan,493,30227
Sri Lanka,2024,Feb,3683,30227
Sri Lanka,2024,Mar,5741,30227
Sri Lanka,2024,Apr,908,30227
Sri Lanka,2024,May,511,30227
Sri Lanka,2024,Jun,284,30227
Sri Lanka,2024,Jul,694,30227
Sri Lanka,2024,Aug,4851,30227
Sri Lanka,2024,Sep,4915,30227
Sri Lanka,2024,Oct,3125,30227
Sri Lanka,2024,Nov,4396,30227
Sri Lanka,2024,Dec,626,30227
Netherlands,2020,Jan,591,2563
Netherlands,2020,Feb,1119,2563
Netherlands,2020,Mar,774,2563
Netherlands,2020,Apr,0,2563
Netherlands,2020,May,0,2563
Netherlands,2020,Jun,1,2563
Netherlands,2020,Jul,1,2563
Netherlands,2020,Aug,0,2563
Netherlands,2020,Sep,4,2563
Netherlands,2020,Oct,29,2563
Netherlands,2020,Nov,12,2563
Netherlands,2020,Dec,32,2563
Netherlands,2021,Jan,59,1303
Netherlands,2021,Feb,74,1303
Netherlands,2021,Mar,122,1303
Netherlands,2021,Apr,139,1303
Netherlands,2021,May,7,1303
Netherlands,2021,Jun,5,1303
Netherlands,2021,Jul,29,1303
Netherlands,2021,Aug,69,1303
Netherlands,2021,Sep,120,1303
Netherlands,2021,Oct,251,1303
Netherlands,2021,Nov,240,1303
Netherlands,2021,Dec,188,1303
Netherlands,2022,Jan,142,7515
Netherlands,2022,Feb,253,7515
Netherlands,2022,Mar,463,7515
Netherlands,2022,Apr,806,7515
Netherlands,2022,May,315,7515
Netherlands,2022,Jun,201,7515
Netherlands,2022,Jul,598,7515
Netherlands,2022,Aug,483,7515
Netherlands,2022,Sep,804,7515
Netherlands,2022,Oct,1842,7515
Netherlands,2022,Nov,1148,7515
Netherlands,2022,Dec,460,7515
Netherlands,2023,Jan,437,10718
Netherlands,2023,Feb,805,10718
Netherlands,2023,Mar,1402,10718
Netherlands,2023,Apr,1285,10718
Netherlands,2023,May,542,10718
Netherlands,2023,Jun,220,10718
Netherlands,2023,Jul,602,10718
Netherlands,2023,Aug,563,10718
Netherlands,2023,Sep,891,10718
Netherlands,2023,Oct,2081,10718
Netherlands,2023,Nov,1299,10718
Netherlands,2023,Dec,591,10718
Netherlands,2024,Jan,492,11391
Netherlands,2024,Feb,1026,11391
Netherlands,2024,Mar,1563,11391
Netherlands,2024,Apr,1300,11391
Netherlands,2024,May,665,11391
Netherlands,2024,Jun,246,11391
Netherlands,2024,Jul,675,11391
Netherlands,2024,Aug,500,11391
Netherlands,2024,Sep,870,11391
Netherlands,2024,Oct,2166,11391
Netherlands,2024,Nov,1397,11391
Netherlands,2024,Dec,491,11391
Thailand,2020,Jan,4005,20778
Thailand,2020,Feb,12947,20778
Thailand,2020,Mar,3760,20778
Thailand,2020,Apr,0,20778
Thailand,2020,May,0,20778
Thailand,2020,Jun,0,20778
Thailand,2020,Jul,0,20778
Thailand,2020,Aug,0,20778
Thailand,2020,Sep,0,20778
Thailand,2020,Oct,29,20778
Thailand,2020,Nov,1,20778
Thailand,2020,Dec,36,20778
Thailand,2021,Jan,36,576
Thailand,2021,Feb,30,576
Thailand,2021,Mar,46,576
Thailand,2021,Apr,44,576
Thailand,2021,May,8,576
Thailand,2021,Jun,5,576
Thailand,2021,Jul,6,576
Thailand,2021,Aug,52,576
Thailand,2021,Sep,61,576
Thailand,2021,Oct,90,576
Thailand,2021,Nov,74,576
Thailand,2021,Dec,124,576
Thailand,2022,Jan,121,9935
Thailand,2022,Feb,191,9935
Thailand,2022,Mar,274,9935
Thailand,2022,Apr,617,9935
Thailand,2022,May,329,9935
Thailand,2022,Jun,305,9935
Thailand,2022,Jul,430,9935
Thailand,2022,Aug,284,9935
Thailand,2022,Sep,643,9935
Thailand,2022,Oct,1296,9935
Thailand,2022,Nov,2441,9935
Thailand,2022,Dec,3004,9935
Thailand,2023,Jan,2419,25678
Thailand,2023,Feb,4802,25678
Thailand,2023,Mar,3829,25678
Thailand,2023,Apr,2103,25678
Thailand,2023,May,517,25678
Thailand,2023,Jun,442,25678
Thailand,2023,Jul,579,25678
Thailand,2023,Aug,483,25678
Thailand,2023,Sep,720,25678
Thailand,2023,Oct,1289,25678
Thailand,2023,Nov,3962,25678
Thailand,2023,Dec,4533,25678
Thailand,2024,Jan,4618,30746
Thailand,2024,Feb,4799,30746
Thailand,2024,Mar,4568,30746
Thailand,2024,Apr,1884,30746
Thailand,2024,May,627,30746
Thailand,2024,Jun,366,30746
Thailand,2024,Jul,740,30746
Thailand,2024,Aug,436,30746
Thailand,2024,Sep,780,30746
Thailand,2024,Oct,2203,30746
Thailand,2024,Nov,4462,30746
Thailand,2024,Dec,5263,30746
,,,,
UK,2020,Jan,3585,11762
UK,2020,Feb,4845,11762
UK,2020,Mar,2257,11762
UK,2020,Apr,5,11762
UK,2020,May,7,11762
UK,2020,Jun,19,11762
UK,2020,Jul,19,11762
UK,2020,Aug,42,11762
UK,2020,Sep,79,11762
UK,2020,Oct,284,11762
UK,2020,Nov,295,11762
UK,2020,Dec,325,11762
UK,2021,Jan,136,8680
UK,2021,Feb,523,8680
UK,2021,Mar,664,8680
UK,2021,Apr,541,8680
UK,2021,May,51,8680
UK,2021,Jun,58,8680
UK,2021,Jul,184,8680
UK,2021,Aug,416,8680
UK,2021,Sep,438,8680
UK,2021,Oct,1382,8680
UK,2021,Nov,2026,8680
UK,2021,Dec,2261,8680
UK,2022,Jan,1824,45094
UK,2022,Feb,2218,45094
UK,2022,Mar,4033,45094
UK,2022,Apr,5400,45094
UK,2022,May,2461,45094
UK,2022,Jun,2000,45094
UK,2022,Jul,3953,45094
UK,2022,Aug,2826,45094
UK,2022,Sep,3927,45094
UK,2022,Oct,7417,45094
UK,2022,Nov,5165,45094
UK,2022,Dec,3870,45094
UK,2023,Jan,3458,52865
UK,2023,Feb,4345,52865
UK,2023,Mar,6133,52865
UK,2023,Apr,5409,52865
UK,2023,May,2927,52865
UK,2023,Jun,1991,52865
UK,2023,Jul,3630,52865
UK,2023,Aug,2711,52865
UK,2023,Sep,3640,52865
UK,2023,Oct,8218,52865
UK,2023,Nov,6136,52865
UK,2023,Dec,4267,52865
UK,2024,Jan,3276,54765
UK,2024,Feb,4571,54765
UK,2024,Mar,7241,54765
UK,2024,Apr,5390,54765
UK,2024,May,2802,54765
UK,2024,Jun,1971,54765
UK,2024,Jul,3806,54765
UK,2024,Aug,2764,54765
UK,2024,Sep,4493,54765
UK,2024,Oct,8017,54765
UK,2024,Nov,6610,54765
UK,2024,Dec,3824,54765
USA,2020,Jan,6383,17767
USA,2020,Feb,6790,17767
USA,2020,Mar,2929,17767
USA,2020,Apr,0,17767
USA,2020,May,0,17767
USA,2020,Jun,8,17767
USA,2020,Jul,8,17767
USA,2020,Aug,56,17767
USA,2020,Sep,126,17767
USA,2020,Oct,399,17767
USA,2020,Nov,449,17767
USA,2020,Dec,619,17767
USA,2021,Jan,877,22854
USA,2021,Feb,1115,22854
USA,2021,Mar,1693,22854
USA,2021,Apr,2733,22854
USA,2021,May,225,22854
USA,2021,Jun,263,22854
USA,2021,Jul,816,22854
USA,2021,Aug,1237,22854
USA,2021,Sep,1848,22854
USA,2021,Oct,4721,22854
USA,2021,Nov,3785,22854
USA,2021,Dec,3541,22854
USA,2022,Jan,3259,77083
USA,2022,Feb,3206,77083
USA,2022,Mar,4909,77083
USA,2022,Apr,7345,77083
USA,2022,May,7318,77083
USA,2022,Jun,8350,77083
USA,2022,Jul,5228,77083
USA,2022,Aug,4070,77083
USA,2022,Sep,7938,77083
USA,2022,Oct,11859,77083
USA,2022,Nov,7832,77083
USA,2022,Dec,5769,77083
USA,2023,Jan,6561,100355
USA,2023,Feb,7887,100355
USA,2023,Mar,9557,100355
USA,2023,Apr,8413,100355
USA,2023,May,8546,100355
USA,2023,Jun,8470,100355
USA,2023,Jul,5561,100355
USA,2023,Aug,4629,100355
USA,2023,Sep,7364,100355
USA,2023,Oct,14878,100355
USA,2023,Nov,11461,100355
USA,2023,Dec,7028,100355
USA,2024,Jan,7048,111217
USA,2024,Feb,9088,111217
USA,2024,Mar,10763,111217
USA,2024,Apr,9948,111217
USA,2024,May,8528,111217
USA,2024,Jun,8280,111217
USA,2024,Jul,7864,111217
USA,2024,Aug,5614,111217
USA,2024,Sep,10084,111217
USA,2024,Oct,16024,111217
USA,2024,Nov,10980,111217
USA,2024,Dec,6996,111217
Others,2020,Jan,12454,38908
Others,2020,Feb,16244,38908
Others,2020,Mar,7569,38908
Others,2020,Apr,5,38908
Others,2020,May,6,38908
Others,2020,Jun,33,38908
Others,2020,Jul,128,38908
Others,2020,Aug,89,38908
Others,2020,Sep,196,38908
Others,2020,Oct,719,38908
Others,2020,Nov,603,38908
Others,2020,Dec,862,38908
Others,2021,Jan,1165,26013
Others,2021,Feb,1281,26013
Others,2021,Mar,2246,26013
Others,2021,Apr,3955,26013
Others,2021,May,453,26013
Others,2021,Jun,334,26013
Others,2021,Jul,586,26013
Others,2021,Aug,1390,26013
Others,2021,Sep,2362,26013
Others,2021,Oct,4403,26013
Others,2021,Nov,4278,26013
Others,2021,Dec,3560,26013
Others,2022,Jan,3182,114309
Others,2022,Feb,3503,114309
Others,2022,Mar,7641,114309
Others,2022,Apr,11952,114309
Others,2022,May,7207,114309
Others,2022,Jun,5481,114309
Others,2022,Jul,7065,114309
Others,2022,Aug,7004,114309
Others,2022,Sep,13449,114309
Others,2022,Oct,21728,114309
Others,2022,Nov,14915,114309
Others,2022,Dec,11182,114309
Others,2023,Jan,10056,185199
Others,2023,Feb,13206,185199
Others,2023,Mar,20524,185199
Others,2023,Apr,21633,185199
Others,2023,May,11249,185199
Others,2023,Jun,8419,185199
Others,2023,Jul,8911,185199
Others,2023,Aug,9376,185199
Others,2023,Sep,18085,185199
Others,2023,Oct,27090,185199
Others,2023,Nov,20433,185199
Others,2023,Dec,16217,185199
